<?xml version="1.0" encoding="UTF-8"?>
<project-private xmlns="http://www.netbeans.org/ns/project-private/1">
    <editor-bookmarks xmlns="http://www.netbeans.org/ns/editor-bookmarks/2" lastBookmarkId="0"/>
    <open-files xmlns="http://www.netbeans.org/ns/projectui-open-files/2">
        <group>
            <file>file:/C:/Users/pdc49_000/Documents/Senior%20year%20fall/CIS%20445/FinalProject/src/java/edu/bradley/CIS445/Course.java</file>
            <file>file:/C:/Users/pdc49_000/Documents/Senior%20year%20fall/CIS%20445/FinalProject/src/java/edu/bradley/CIS445/Service/GradeBookService.java</file>
        </group>
    </open-files>
</project-private>
